moca_aid,nmem
ABDMG,879
CUMA,644
CHYA,625
HYA,483
THA,365
COL,357
BPMG,293
THEIA506,287
CRIUS31,262
ARG,240
CARN,223
CRIUS203,208
THEIA595,172
RHEA330,158
CRIUS207,157
CAR,153
RHEA273,142
THEIA301,136
MEL4,124
CRIUS209,123
USCO,122
CBER,117
CVCA,109
THEIA678,108
MEL5,107
SCOCEN,106
RHEA192,103
HSC759,101
GRX,98
TWA,90
HSC453,88
CRIUS155,87
LCC,82
FORH,82
THEIA133,81
RHEA331,76
CRIUS64,76
RHEA376,73
GRSCO,73
CRIUS223,73
CCBER,72
RHEA450,70
RHEA364,65
RHEA172,65
RHEA121,64
THEIA676,63
THEIA507,62
CASMG,62
HSC1580,61
CRIUS224,60
PERI,59
HSC396,55
CRIUS197,55
CRIUS173,55
THEIA509,55
RHEA222,55
THEIA905,55
RHEA223,54
RHEA167,54
HR1614MG,53
RHEA395,51
OCEMG,49
UCL,49
RHEA444,47
VCA,46
RHEA290,45
RHEA250,45
RHEA208,45
RHEA296,44
RHEA116,42
RHEA329,42
RHEA90,42
HSC1347,40
RHEA190,40
CRIUS138,39
ZETAH,39
RHEA323,39
RHEA285,39
CRIUS198,38
CRIUS13,37
SVCA,36
RHEA199,36
RHEA198,36
SHYA,35
COH51,35
PLE,35
CRIUS136,35
RHEA80,34
RHEA348,34
CWNU1066,33
CIC2391,32
CRIUS211,32
RHEA262,32
MEL1,32
THEIA1273,31
OCTN,31
RHEA23,31
OCT,31
CVUL,31
RHEA448,30
RHEA267,30
TAU,30
CRIUS205,30
RHEA299,30
HSC2283,30
CRIUS57,30
OH45,29
OH33,29
RHEA166,29
RHEA209,28
RHEA55,28
HSC1566,28
RHEA300,28
RHEA471,28
RHEA295,28
CRIUS210,28
RHEA409,28
RHEA459,28
CRIUS23,28
RHEA52,27
UMA,27
CRIUS61,27
RHEA276,27
CRIUS81,26
CRIUS135,26
RHEA19,26
THEIA425,26
RHEA464,26
CRIUS22,26
CRIUS213,25
GRSCOS27C,25
RHEA136,25
CRIUS65,25
RHEA195,24
RHEA34,24
CRIUS104,24
THOR,24
RHEA259,24
RHEA95,24
CRIUS192,24
RHEA180,24
CRIUS91,24
GRSCOS13,24
RHEA86,24
CRIUS106,23
CRIUS103,23
RHEA439,23
RHEA346,23
RHEA374,23
CRIUS140,22
FCCN,22
RHEA231,22
THEIA1274,22
THEIA1089,22
RHEA84,22
SIGPUP,22
RHEA210,21
CPL8,21
EPSIND,21
CRIUS37,21
RHEA443,21
RHEA106,21
RHEA325,21
RHEA449,21
XFOR,21
CRIUS170,21
RHEA338,21
RHEA235,20
RHEA311,20
CRIUS92,20
RHEA310,20
CRIUS222,20
RHEA107,20
RHEA30,20
RHEA308,20
RHEA168,20
CRIUS73,20
COH23,20
RHEA437,19
RHEA385,19
CRIUS149,19
RHEA201,19
RHEA76,19
CRIUS131,19
RHEA454,18
RHEA132,18
CRIUS44,18
THEIA1345,18
RHEA100,18
RHEA362,18
CRIUS157,18
RHEA219,18
RHEA266,18
RHEA178,18
RHEA233,17
CRIUS16,17
HSC1470,17
RHEA89,17
CRIUS115,17
THEIA1275,17
HLY,17
RHEA32,17
CRIUS53,17
RHEA88,17
SCYA108,17
CASTAU,17
RHEA74,17
EPSC,17
RHEA62,17
CRIUS63,16
SIXCYG,16
RHEA28,16
CRIUS15,16
CPL9,16
CRIUS108,16
RHEA112,16
RHEA174,16
RHEA102,16
RHEA60,16
RHEA50,16
RHEA272,16
RHEA14,15
CRIUS129,15
RHEA56,15
RHEA248,15
HSC2676,15
RHEA126,15
CRIUS30,15
CRIUS43,15
RHEA312,15
RHEA119,15
CRIUS76,15
RHEA58,15
RHEA63,15
RHEA494,15
RHEA368,15
CRIUS49,15
RHEA10,15
CRIUS186,15
RHEA51,15
RHEA191,15
CRIUS4,15
RHEA39,15
THEIA677,14
RHEA343,14
ETAC,14
CRIUS33,14
CRIUS36,14
HSC1684,14
CRIUS50,14
RHEA164,14
CRIUS134,14
RHEA315,14
RHEA57,14
RHEA129,14
RHEA249,14
RHEA45,14
RHEA240,14
RHEA103,14
VUL,14
CRIUS117,14
RHEA65,14
RHEA78,14
RHEA42,13
RHEA93,13
RHEA196,13
CRIUS32,13
RHEA81,13
RHEA44,13
RHEA144,13
RHEA36,13
RHEA217,13
ROPH,13
RHEA104,13
CRIUS133,13
CRIUS55,13
RHEA243,13
RHEA271,13
RHEA47,13
RHEA452,13
CRIUS96,13
RHEA41,13
RHEA20,13
CRIUS105,12
RHEA12,12
RHEA96,12
RHEA426,12
RHEA92,12
RHEA302,12
RHEA214,12
RHEA241,12
RHEA70,12
RHEA313,12
RHEA366,12
RHEA245,12
UMAMG,12
CRIUS111,12
RHEA77,12
CRIUS162,12
RHEA355,12
CRIUS54,12
RHEA224,12
RHEA225,12
HSC1077,12
RHEA183,12
RHEA265,12
RHEA232,12
RHEA38,12
CRIUS206,12
HSC2705,11
HSC1152,11
RHEA165,11
RHEA21,11
CRIUS19,11
RHEA149,11
RHEA347,11
RHEA247,11
CRIUS38,11
CRIUS21,11
RHEA75,11
RHEA170,11
RHEA193,11
CRIUS118,11
HSC719,11
RHEA17,11
RHEA16,11
CRIUS72,11
CRIUS2,11
RHEA0,11
RHEA101,11
RHEA143,11
RHEA236,11
RHEA5,10
GRSCOS9,10
CRIUS219,10
CRIUS62,10
RHEA79,10
RHEA118,10
RATZSCO23,10
CAPER,10
CRIUS71,10
CRIUS60,10
CRIUS86,10
OH46,10
RHEA284,10
RHEA229,10
CRIUS52,10
RHEA177,10
HSC2971,10
RHEA286,10
CRIUS107,10
RHEA147,10
CRIUS6,10
RHEA179,10
VCAN,10
RHEA68,9
RHEA153,9
RHEA29,9
CRIUS18,9
RHEA46,9
CRIUS87,9
RHEA69,9
RHEA105,9
RHEA9,9
SUN1,9
RHEA33,9
RHEA145,9
COH59,9
RHEA465,9
CRIUS74,9
RHEA194,9
RHEA26,9
RHEA37,9
RHEA24,9
CRIUS8,9
RHEA321,8
RHEA154,8
RHEA383,8
RHEA120,8
RHEA163,8
GRTAU,8
CRIUS17,8
HSC1537,8
CRIUS161,8
RHEA83,8
RHEA130,8
CRIUS10,8
RHEA218,8
GRSCOS27E,8
CHER2,8
RHEA53,8
CRIUS68,8
RHEA207,8
RHEA344,8
RHEA394,8
CRIUS1,8
RHEA341,8
RHEA171,8
RHEA22,8
RHEA13,8
RHEA200,8
RHEA6,8
CRIUS177,8
RHEA202,8
RHEA43,8
CRIUS11,8
RHEA162,8
RATZSCO16,8
CRIUS93,8
RHEA73,7
RHEA54,7
RHEA293,7
RHEA204,7
RHEA261,7
CRIUS56,7
CRIUS27,7
RHEA333,7
CRIUS3,7
HSC517,7
CRIUS40,7
RHEA49,7
HSC1195,7
CHA,7
AUSC,7
BETATUC,7
RHEA87,7
RHEA396,7
RHEA474,7
THEIA1004,7
CRIUS168,7
RHEA258,7
RATZSCO20,7
CRIUS165,6
SIR,6
CRIUS34,6
THEIA907,6
CRIUS5,6
RHEA122,6
RHEA8,6
RHEA372,6
CHER3,6
CRIUS137,6
CRIUS122,6
RHEA213,6
RHEA109,6
CRIUS29,6
RATZSCO21,5
RHEA140,5
RHEA176,5
RHEA185,5
RHEA3,5
HSC103,5
THEIA784,5
RHEA4,5
GRSCOS27,5
RHEA110,5
IC348,5
RHEA340,5
GRSCOS2,5
THEIA53,5
_118TAU,5
CRIUS94,5
CRIUS127,5
RHEA353,5
CRIUS51,5
CRIUS9,5
CRIUS67,5
HSC1964,5
RHEA7,5
CRIUS212,5
CRIUS204,5
RHEA377,5
RHEA1,5
CRIUS70,5
CRIUS39,5
CRA,4
CRIUS143,4
RHEA148,4
RHEA40,4
RHEA2,4
CRIUS151,4
RHEA91,4
RHEA322,4
CRIUS99,4
RHEA159,4
CRIUS47,4
CRIUS208,4
RHEA72,4
RHEA25,4
RHEA398,4
RHEA124,4
RHEA71,4
RHEA263,4
CRIUS201,4
RHEA294,4
RHEA367,4
CRIUS46,4
SPL3,4
CRIUS26,4
RHEA203,4
SPL9,4
CRIUS101,4
CRIUS97,4
THEIA1347,4
CRIUS125,4
RHEA369,4
RHEA15,4
RHEA239,3
RHEA187,3
RHEA283,3
CRIUS24,3
RHEA324,3
CRIUS113,3
RHEA59,3
RHEA215,3
RHEA18,3
RHEA35,3
RHEA186,3
RHEA31,3
THEIA370,3
CRIUS28,3
RHEA360,3
RHEA11,3
RHEA326,3
ETACEPH,3
CRIUS179,3
PISMG,2
CRIUS158,2
RHEA61,2
RHEA264,2
HSC242,2
RHEA238,2
RHEA234,2
HYAMG,2
CRIUS114,2
RHEA127,2
RHEA189,2
CRIUS48,2
RHEA155,2
AUSC5,2
RATZSCO24,2
CRIUS82,2
RHEA48,2
RHEA156,2
HSC2976,2
CRIUS75,2
CRIUS139,2
CRIUS185,2
RHEA151,2
RHEA188,2
SCBER,2
POB3,2
RHEA206,2
THEIA55,2
CRIUS80,2
RHEA137,2
THEIA45,2
RHEA197,2
HSC1542,2
RHEA392,1
RHEA386,1
HSC2763,1
THEIA786,1
CRIUS159,1
CRIUS69,1
RHEA205,1
CRIUS181,1
RHEA328,1
CRIUS194,1
IC4756,1
RHEA131,1
CPRA,1
THEIA793,1
RHEA152,1
RATZSCO9,1
HSC2515,1
CRIUS7,1
CRIUS119,1
RHEA316,1
RHEA379,1
CRIUS191,1
CRIUS121,1
CRIUS78,1
RHEA408,1
RHEA220,1
RHEA297,1
HSC2846,1
CRIUS152,1
RHEA98,1
RHEA254,1
THEIA300,1
NGC2451B,1
CRIUS14,1
RATZSCO8,1
RHEA113,1
RHEA135,1
CRIUS84,1
RHEA228,1
RATZSCO14,1
HSC2523,1
MUTAU,1
RHEA64,1
RHEA422,1
RATZSCO22,1
CHAII,1
CRIUS146,1
HSC2882,1
THEIA431,1
RHEA354,1
RHEA85,1
RHEA139,1
RHEA125,1
HSC1630,1
CRIUS229,1
CRIUS172,1
RHEA160,1
CRIUS128,1
HSC2394,1